[{"model": "admin.logentry", "pk": 1, "fields": {"action_time": "2024-01-17T09:47:17.193Z", "user": 1, "content_type": 9, "object_id": "1", "object_repr": "admin", "action_flag": 1, "change_message": "[{\"added\": {}}]"}}, {"model": "admin.logentry", "pk": 2, "fields": {"action_time": "2024-01-17T09:47:21.742Z", "user": 1, "content_type": 7, "object_id": "1", "object_repr": "admin", "action_flag": 1, "change_message": "[{\"added\": {}}]"}}, {"model": "admin.logentry", "pk": 3, "fields": {"action_time": "2024-01-17T09:47:31.987Z", "user": 1, "content_type": 19, "object_id": "1", "object_repr": "Computer Shop", "action_flag": 1, "change_message": "[{\"added\": {}}]"}}, {"model": "admin.logentry", "pk": 4, "fields": {"action_time": "2024-01-17T09:47:41.585Z", "user": 1, "content_type": 14, "object_id": "1", "object_repr": "Mall", "action_flag": 1, "change_message": "[{\"added\": {}}]"}}, {"model": "admin.logentry", "pk": 5, "fields": {"action_time": "2024-01-17T09:47:52.295Z", "user": 1, "content_type": 14, "object_id": "2", "object_repr": "Maket", "action_flag": 1, "change_message": "[{\"added\": {}}]"}}, {"model": "admin.logentry", "pk": 6, "fields": {"action_time": "2024-01-17T09:48:10.363Z", "user": 1, "content_type": 19, "object_id": "2", "object_repr": "Fashion Shop", "action_flag": 1, "change_message": "[{\"added\": {}}]"}}, {"model": "admin.logentry", "pk": 7, "fields": {"action_time": "2024-01-17T09:55:10.609Z", "user": 1, "content_type": 7, "object_id": "3", "object_repr": "apisit250aps", "action_flag": 3, "change_message": ""}}, {"model": "admin.logentry", "pk": 8, "fields": {"action_time": "2024-01-17T09:55:10.612Z", "user": 1, "content_type": 7, "object_id": "1", "object_repr": "admin", "action_flag": 3, "change_message": ""}}, {"model": "auth.permission", "pk": 1, "fields": {"name": "Can add log entry", "content_type": 1, "codename": "add_logentry"}}, {"model": "auth.permission", "pk": 2, "fields": {"name": "Can change log entry", "content_type": 1, "codename": "change_logentry"}}, {"model": "auth.permission", "pk": 3, "fields": {"name": "Can delete log entry", "content_type": 1, "codename": "delete_logentry"}}, {"model": "auth.permission", "pk": 4, "fields": {"name": "Can view log entry", "content_type": 1, "codename": "view_logentry"}}, {"model": "auth.permission", "pk": 5, "fields": {"name": "Can add permission", "content_type": 2, "codename": "add_permission"}}, {"model": "auth.permission", "pk": 6, "fields": {"name": "Can change permission", "content_type": 2, "codename": "change_permission"}}, {"model": "auth.permission", "pk": 7, "fields": {"name": "Can delete permission", "content_type": 2, "codename": "delete_permission"}}, {"model": "auth.permission", "pk": 8, "fields": {"name": "Can view permission", "content_type": 2, "codename": "view_permission"}}, {"model": "auth.permission", "pk": 9, "fields": {"name": "Can add group", "content_type": 3, "codename": "add_group"}}, {"model": "auth.permission", "pk": 10, "fields": {"name": "Can change group", "content_type": 3, "codename": "change_group"}}, {"model": "auth.permission", "pk": 11, "fields": {"name": "Can delete group", "content_type": 3, "codename": "delete_group"}}, {"model": "auth.permission", "pk": 12, "fields": {"name": "Can view group", "content_type": 3, "codename": "view_group"}}, {"model": "auth.permission", "pk": 13, "fields": {"name": "Can add user", "content_type": 4, "codename": "add_user"}}, {"model": "auth.permission", "pk": 14, "fields": {"name": "Can change user", "content_type": 4, "codename": "change_user"}}, {"model": "auth.permission", "pk": 15, "fields": {"name": "Can delete user", "content_type": 4, "codename": "delete_user"}}, {"model": "auth.permission", "pk": 16, "fields": {"name": "Can view user", "content_type": 4, "codename": "view_user"}}, {"model": "auth.permission", "pk": 17, "fields": {"name": "Can add content type", "content_type": 5, "codename": "add_contenttype"}}, {"model": "auth.permission", "pk": 18, "fields": {"name": "Can change content type", "content_type": 5, "codename": "change_contenttype"}}, {"model": "auth.permission", "pk": 19, "fields": {"name": "Can delete content type", "content_type": 5, "codename": "delete_contenttype"}}, {"model": "auth.permission", "pk": 20, "fields": {"name": "Can view content type", "content_type": 5, "codename": "view_contenttype"}}, {"model": "auth.permission", "pk": 21, "fields": {"name": "Can add session", "content_type": 6, "codename": "add_session"}}, {"model": "auth.permission", "pk": 22, "fields": {"name": "Can change session", "content_type": 6, "codename": "change_session"}}, {"model": "auth.permission", "pk": 23, "fields": {"name": "Can delete session", "content_type": 6, "codename": "delete_session"}}, {"model": "auth.permission", "pk": 24, "fields": {"name": "Can view session", "content_type": 6, "codename": "view_session"}}, {"model": "auth.permission", "pk": 25, "fields": {"name": "Can add cart", "content_type": 7, "codename": "add_cart"}}, {"model": "auth.permission", "pk": 26, "fields": {"name": "Can change cart", "content_type": 7, "codename": "change_cart"}}, {"model": "auth.permission", "pk": 27, "fields": {"name": "Can delete cart", "content_type": 7, "codename": "delete_cart"}}, {"model": "auth.permission", "pk": 28, "fields": {"name": "Can view cart", "content_type": 7, "codename": "view_cart"}}, {"model": "auth.permission", "pk": 29, "fields": {"name": "Can add cart item", "content_type": 8, "codename": "add_cartitem"}}, {"model": "auth.permission", "pk": 30, "fields": {"name": "Can change cart item", "content_type": 8, "codename": "change_cartitem"}}, {"model": "auth.permission", "pk": 31, "fields": {"name": "Can delete cart item", "content_type": 8, "codename": "delete_cartitem"}}, {"model": "auth.permission", "pk": 32, "fields": {"name": "Can view cart item", "content_type": 8, "codename": "view_cartitem"}}, {"model": "auth.permission", "pk": 33, "fields": {"name": "Can add customer", "content_type": 9, "codename": "add_customer"}}, {"model": "auth.permission", "pk": 34, "fields": {"name": "Can change customer", "content_type": 9, "codename": "change_customer"}}, {"model": "auth.permission", "pk": 35, "fields": {"name": "Can delete customer", "content_type": 9, "codename": "delete_customer"}}, {"model": "auth.permission", "pk": 36, "fields": {"name": "Can view customer", "content_type": 9, "codename": "view_customer"}}, {"model": "auth.permission", "pk": 37, "fields": {"name": "Can add order", "content_type": 10, "codename": "add_order"}}, {"model": "auth.permission", "pk": 38, "fields": {"name": "Can change order", "content_type": 10, "codename": "change_order"}}, {"model": "auth.permission", "pk": 39, "fields": {"name": "Can delete order", "content_type": 10, "codename": "delete_order"}}, {"model": "auth.permission", "pk": 40, "fields": {"name": "Can view order", "content_type": 10, "codename": "view_order"}}, {"model": "auth.permission", "pk": 41, "fields": {"name": "Can add order item", "content_type": 11, "codename": "add_orderitem"}}, {"model": "auth.permission", "pk": 42, "fields": {"name": "Can change order item", "content_type": 11, "codename": "change_orderitem"}}, {"model": "auth.permission", "pk": 43, "fields": {"name": "Can delete order item", "content_type": 11, "codename": "delete_orderitem"}}, {"model": "auth.permission", "pk": 44, "fields": {"name": "Can view order item", "content_type": 11, "codename": "view_orderitem"}}, {"model": "auth.permission", "pk": 45, "fields": {"name": "Can add output invoice", "content_type": 12, "codename": "add_outputinvoice"}}, {"model": "auth.permission", "pk": 46, "fields": {"name": "Can change output invoice", "content_type": 12, "codename": "change_outputinvoice"}}, {"model": "auth.permission", "pk": 47, "fields": {"name": "Can delete output invoice", "content_type": 12, "codename": "delete_outputinvoice"}}, {"model": "auth.permission", "pk": 48, "fields": {"name": "Can view output invoice", "content_type": 12, "codename": "view_outputinvoice"}}, {"model": "auth.permission", "pk": 49, "fields": {"name": "Can add output data", "content_type": 13, "codename": "add_outputdata"}}, {"model": "auth.permission", "pk": 50, "fields": {"name": "Can change output data", "content_type": 13, "codename": "change_outputdata"}}, {"model": "auth.permission", "pk": 51, "fields": {"name": "Can delete output data", "content_type": 13, "codename": "delete_outputdata"}}, {"model": "auth.permission", "pk": 52, "fields": {"name": "Can view output data", "content_type": 13, "codename": "view_outputdata"}}, {"model": "auth.permission", "pk": 53, "fields": {"name": "Can add area", "content_type": 14, "codename": "add_area"}}, {"model": "auth.permission", "pk": 54, "fields": {"name": "Can change area", "content_type": 14, "codename": "change_area"}}, {"model": "auth.permission", "pk": 55, "fields": {"name": "Can delete area", "content_type": 14, "codename": "delete_area"}}, {"model": "auth.permission", "pk": 56, "fields": {"name": "Can view area", "content_type": 14, "codename": "view_area"}}, {"model": "auth.permission", "pk": 57, "fields": {"name": "Can add input invoice", "content_type": 15, "codename": "add_inputinvoice"}}, {"model": "auth.permission", "pk": 58, "fields": {"name": "Can change input invoice", "content_type": 15, "codename": "change_inputinvoice"}}, {"model": "auth.permission", "pk": 59, "fields": {"name": "Can delete input invoice", "content_type": 15, "codename": "delete_inputinvoice"}}, {"model": "auth.permission", "pk": 60, "fields": {"name": "Can view input invoice", "content_type": 15, "codename": "view_inputinvoice"}}, {"model": "auth.permission", "pk": 61, "fields": {"name": "Can add input invoice counter", "content_type": 16, "codename": "add_inputinvoicecounter"}}, {"model": "auth.permission", "pk": 62, "fields": {"name": "Can change input invoice counter", "content_type": 16, "codename": "change_inputinvoicecounter"}}, {"model": "auth.permission", "pk": 63, "fields": {"name": "Can delete input invoice counter", "content_type": 16, "codename": "delete_inputinvoicecounter"}}, {"model": "auth.permission", "pk": 64, "fields": {"name": "Can view input invoice counter", "content_type": 16, "codename": "view_inputinvoicecounter"}}, {"model": "auth.permission", "pk": 65, "fields": {"name": "Can add product", "content_type": 17, "codename": "add_product"}}, {"model": "auth.permission", "pk": 66, "fields": {"name": "Can change product", "content_type": 17, "codename": "change_product"}}, {"model": "auth.permission", "pk": 67, "fields": {"name": "Can delete product", "content_type": 17, "codename": "delete_product"}}, {"model": "auth.permission", "pk": 68, "fields": {"name": "Can view product", "content_type": 17, "codename": "view_product"}}, {"model": "auth.permission", "pk": 69, "fields": {"name": "Can add product category", "content_type": 18, "codename": "add_productcategory"}}, {"model": "auth.permission", "pk": 70, "fields": {"name": "Can change product category", "content_type": 18, "codename": "change_productcategory"}}, {"model": "auth.permission", "pk": 71, "fields": {"name": "Can delete product category", "content_type": 18, "codename": "delete_productcategory"}}, {"model": "auth.permission", "pk": 72, "fields": {"name": "Can view product category", "content_type": 18, "codename": "view_productcategory"}}, {"model": "auth.permission", "pk": 73, "fields": {"name": "Can add product type", "content_type": 19, "codename": "add_producttype"}}, {"model": "auth.permission", "pk": 74, "fields": {"name": "Can change product type", "content_type": 19, "codename": "change_producttype"}}, {"model": "auth.permission", "pk": 75, "fields": {"name": "Can delete product type", "content_type": 19, "codename": "delete_producttype"}}, {"model": "auth.permission", "pk": 76, "fields": {"name": "Can view product type", "content_type": 19, "codename": "view_producttype"}}, {"model": "auth.permission", "pk": 77, "fields": {"name": "Can add input data", "content_type": 20, "codename": "add_inputdata"}}, {"model": "auth.permission", "pk": 78, "fields": {"name": "Can change input data", "content_type": 20, "codename": "change_inputdata"}}, {"model": "auth.permission", "pk": 79, "fields": {"name": "Can delete input data", "content_type": 20, "codename": "delete_inputdata"}}, {"model": "auth.permission", "pk": 80, "fields": {"name": "Can view input data", "content_type": 20, "codename": "view_inputdata"}}, {"model": "auth.permission", "pk": 81, "fields": {"name": "Can add product delete", "content_type": 21, "codename": "add_productdelete"}}, {"model": "auth.permission", "pk": 82, "fields": {"name": "Can change product delete", "content_type": 21, "codename": "change_productdelete"}}, {"model": "auth.permission", "pk": 83, "fields": {"name": "Can delete product delete", "content_type": 21, "codename": "delete_productdelete"}}, {"model": "auth.permission", "pk": 84, "fields": {"name": "Can view product delete", "content_type": 21, "codename": "view_productdelete"}}, {"model": "auth.permission", "pk": 85, "fields": {"name": "Can add shop", "content_type": 22, "codename": "add_shop"}}, {"model": "auth.permission", "pk": 86, "fields": {"name": "Can change shop", "content_type": 22, "codename": "change_shop"}}, {"model": "auth.permission", "pk": 87, "fields": {"name": "Can delete shop", "content_type": 22, "codename": "delete_shop"}}, {"model": "auth.permission", "pk": 88, "fields": {"name": "Can view shop", "content_type": 22, "codename": "view_shop"}}, {"model": "auth.user", "pk": 1, "fields": {"password": "pbkdf2_sha256$720000$b2tedwvGj0uEGRh9T4C1pm$xSumC6jc0VPYFRDZFUj1NascRc10XV10AAPq9zszlo0=", "last_login": "2024-01-17T09:46:46.556Z", "is_superuser": true, "username": "admin", "first_name": "อภิสิทธิ์", "last_name": "สายทอง", "email": "", "is_staff": true, "is_active": true, "date_joined": "2024-01-17T09:46:27.102Z", "groups": [], "user_permissions": []}}, {"model": "auth.user", "pk": 2, "fields": {"password": "pbkdf2_sha256$720000$AfcZZvCUM4VSaLnKnq3mza$XUZYaINGA1zv4YWelHZmLwsRE0MrsifKczBMyaoYwu0=", "last_login": "2024-01-17T09:53:23.583Z", "is_superuser": false, "username": "apisit250aps", "first_name": "Apisit", "last_name": "Saithong", "email": "stu6512732111@sskru.ac.th", "is_staff": false, "is_active": true, "date_joined": "2024-01-17T09:53:10.045Z", "groups": [], "user_permissions": []}}, {"model": "contenttypes.contenttype", "pk": 1, "fields": {"app_label": "admin", "model": "logentry"}}, {"model": "contenttypes.contenttype", "pk": 2, "fields": {"app_label": "auth", "model": "permission"}}, {"model": "contenttypes.contenttype", "pk": 3, "fields": {"app_label": "auth", "model": "group"}}, {"model": "contenttypes.contenttype", "pk": 4, "fields": {"app_label": "auth", "model": "user"}}, {"model": "contenttypes.contenttype", "pk": 5, "fields": {"app_label": "contenttypes", "model": "contenttype"}}, {"model": "contenttypes.contenttype", "pk": 6, "fields": {"app_label": "sessions", "model": "session"}}, {"model": "contenttypes.contenttype", "pk": 7, "fields": {"app_label": "customer", "model": "cart"}}, {"model": "contenttypes.contenttype", "pk": 8, "fields": {"app_label": "customer", "model": "cartitem"}}, {"model": "contenttypes.contenttype", "pk": 9, "fields": {"app_label": "customer", "model": "customer"}}, {"model": "contenttypes.contenttype", "pk": 10, "fields": {"app_label": "customer", "model": "order"}}, {"model": "contenttypes.contenttype", "pk": 11, "fields": {"app_label": "customer", "model": "orderitem"}}, {"model": "contenttypes.contenttype", "pk": 12, "fields": {"app_label": "customer", "model": "outputinvoice"}}, {"model": "contenttypes.contenttype", "pk": 13, "fields": {"app_label": "customer", "model": "outputdata"}}, {"model": "contenttypes.contenttype", "pk": 14, "fields": {"app_label": "store", "model": "area"}}, {"model": "contenttypes.contenttype", "pk": 15, "fields": {"app_label": "store", "model": "inputinvoice"}}, {"model": "contenttypes.contenttype", "pk": 16, "fields": {"app_label": "store", "model": "inputinvoicecounter"}}, {"model": "contenttypes.contenttype", "pk": 17, "fields": {"app_label": "store", "model": "product"}}, {"model": "contenttypes.contenttype", "pk": 18, "fields": {"app_label": "store", "model": "productcategory"}}, {"model": "contenttypes.contenttype", "pk": 19, "fields": {"app_label": "store", "model": "producttype"}}, {"model": "contenttypes.contenttype", "pk": 20, "fields": {"app_label": "store", "model": "inputdata"}}, {"model": "contenttypes.contenttype", "pk": 21, "fields": {"app_label": "store", "model": "productdelete"}}, {"model": "contenttypes.contenttype", "pk": 22, "fields": {"app_label": "store", "model": "shop"}}, {"model": "sessions.session", "pk": "pvyw7f8h95ollvak7wa789hnalkuusmr", "fields": {"session_data": ".eJxVjDsOwjAQBe_iGln-xhtKes5grb1eHECOFCcV4u4QKQW0b2beS0Tc1hq3XpY4kTgLLU6_W8L8KG0HdMd2m2We27pMSe6KPGiX15nK83K4fwcVe_3Wlmk0KeihEGjynAHAO-cB2RplksMwOOZEQGzR26AN5MLOq2xUGrV4fwDmMjfb:1rQ2VS:vl2Btm2K5EqiTNRwNUJvpnk5DBABRad67qVre81Be0U", "expire_date": "2024-01-31T09:46:46.557Z"}}, {"model": "sessions.session", "pk": "x0o1d2bre0f08c57yvvcansz6ecc2hcb", "fields": {"session_data": ".eJxVjDEOwjAMRe-SGUUlJnHLyN4zRI5tSAElUtNOiLtDpQ6w_vfef5lI65Lj2nSOk5izcebwuyXih5YNyJ3KrVquZZmnZDfF7rTZsYo-L7v7d5Cp5W_NCViCdyJEQXHoEXsguCICkbI_BfIAKCyQOpTkjkoA4qBTzw4G8_4AAsY4Vw:1rQ2br:RBPEscNyCzWw3T-ZaKgpVQ6j5FUJgZQXaDdyuc-h32c", "expire_date": "2024-01-31T09:53:23.584Z"}}, {"model": "customer.customer", "pk": 1, "fields": {"user": 1, "code": "000000", "contact": "อภิสิทธิ์ สายทอง", "tel": "0610575203", "fax": "0236598569", "email": "aps.apisit250@gmail.com", "remark": "-", "province": "ศรีสะเกษ", "district": "อำเภอศรีรัตนะ", "sub_district": "เสื่องข้าว", "address": "111/6", "zip": "33240", "created_at": "2024-01-17T09:47:17.192Z", "updated_at": "2024-01-17T09:47:17.192Z"}}, {"model": "customer.customer", "pk": 2, "fields": {"user": 2, "code": "063776", "contact": "Apisit Saithong", "tel": "-", "fax": "-", "email": "stu6512732111@sskru.ac.th", "remark": "-", "province": "บุรีรัมย์", "district": "อำเภอชำนิ", "sub_district": "หนองปล่อง", "address": "-", "zip": "30000", "created_at": "2024-01-17T09:53:10.595Z", "updated_at": "2024-01-17T09:53:10.595Z"}}, {"model": "customer.cart", "pk": 2, "fields": {"customer": 1}}, {"model": "customer.cart", "pk": 4, "fields": {"customer": 2}}, {"model": "customer.cartitem", "pk": 6, "fields": {"cart": 4, "product": 5, "unit": 10}}, {"model": "customer.cartitem", "pk": 7, "fields": {"cart": 4, "product": 2, "unit": 5}}, {"model": "customer.cartitem", "pk": 8, "fields": {"cart": 4, "product": 8, "unit": 1}}, {"model": "customer.outputinvoice", "pk": 1, "fields": {"shop": 1, "customer": 2, "invoice_no": "202401170003", "discount": "0.00", "remark": null, "created_at": "2024-01-17T09:57:23.240Z", "updated_at": "2024-01-17T09:57:23.240Z"}}, {"model": "customer.outputinvoice", "pk": 2, "fields": {"shop": 1, "customer": 2, "invoice_no": "202401170004", "discount": "0.00", "remark": null, "created_at": "2024-01-17T10:11:10.032Z", "updated_at": "2024-01-17T10:11:10.032Z"}}, {"model": "customer.outputdata", "pk": 1, "fields": {"invoice": 1, "product": 2, "quantity": 1, "unit_price": "1820.00", "discount": "0.00", "created_at": "2024-01-17T09:57:23.250Z", "updated_at": "2024-01-17T09:57:23.250Z"}}, {"model": "customer.outputdata", "pk": 2, "fields": {"invoice": 1, "product": 3, "quantity": 1, "unit_price": "750.00", "discount": "0.00", "created_at": "2024-01-17T09:57:23.253Z", "updated_at": "2024-01-17T09:57:23.253Z"}}, {"model": "customer.outputdata", "pk": 3, "fields": {"invoice": 2, "product": 3, "quantity": 1, "unit_price": "750.00", "discount": "0.00", "created_at": "2024-01-17T10:11:10.038Z", "updated_at": "2024-01-17T10:11:10.038Z"}}, {"model": "customer.outputdata", "pk": 4, "fields": {"invoice": 2, "product": 1, "quantity": 1, "unit_price": "1420.00", "discount": "0.00", "created_at": "2024-01-17T10:11:10.043Z", "updated_at": "2024-01-17T10:11:10.043Z"}}, {"model": "customer.order", "pk": 1, "fields": {"customer": 2, "shop": 1, "order_code": "731669774", "order_status": 6, "created_at": "2024-01-17T09:56:34.026Z", "updated_at": "2024-01-17T09:56:34.026Z"}}, {"model": "customer.order", "pk": 2, "fields": {"customer": 2, "shop": 1, "order_code": "862997791", "order_status": 2, "created_at": "2024-01-17T09:57:17.111Z", "updated_at": "2024-01-17T09:57:17.111Z"}}, {"model": "customer.order", "pk": 3, "fields": {"customer": 2, "shop": 1, "order_code": "503510602", "order_status": 2, "created_at": "2024-01-17T10:11:02.660Z", "updated_at": "2024-01-17T10:11:02.660Z"}}, {"model": "customer.orderitem", "pk": 1, "fields": {"order": 1, "product": 1, "unit": 3}}, {"model": "customer.orderitem", "pk": 2, "fields": {"order": 2, "product": 2, "unit": 1}}, {"model": "customer.orderitem", "pk": 3, "fields": {"order": 2, "product": 3, "unit": 1}}, {"model": "customer.orderitem", "pk": 4, "fields": {"order": 3, "product": 3, "unit": 1}}, {"model": "customer.orderitem", "pk": 5, "fields": {"order": 3, "product": 1, "unit": 1}}, {"model": "store.producttype", "pk": 1, "fields": {"name": "Computer Shop", "count": 0, "created_at": "2024-01-17T09:47:31.986Z", "updated_at": "2024-01-17T09:47:31.986Z"}}, {"model": "store.producttype", "pk": 2, "fields": {"name": "Fashion Shop", "count": 0, "created_at": "2024-01-17T09:48:10.362Z", "updated_at": "2024-01-17T09:48:10.362Z"}}, {"model": "store.area", "pk": 1, "fields": {"code": "AA", "name": "Mall", "count": 0, "created_at": "2024-01-17T09:47:41.583Z", "updated_at": "2024-01-17T09:47:41.583Z"}}, {"model": "store.area", "pk": 2, "fields": {"code": "AB", "name": "Maket", "count": 0, "created_at": "2024-01-17T09:47:52.294Z", "updated_at": "2024-01-17T09:47:52.294Z"}}, {"model": "store.shop", "pk": 1, "fields": {"user": 1, "area": 1, "product_type": 1, "name": "IHAVERAM", "code": "043629", "contact": "Apisit Saithong", "tel": "0610575203", "fax": "-", "email": "aps.apisit250@gmail.com", "remark": "-", "province": "ศรีสะเกษ", "district": "อำเภอเมืองศรีสะเกษ", "sub_district": "โพธิ์", "address": "-", "zip": "33000", "created_at": "2024-01-17T09:49:19.097Z", "updated_at": "2024-01-17T09:49:19.097Z"}}, {"model": "store.shop", "pk": 2, "fields": {"user": 2, "area": 1, "product_type": 2, "name": "Long Do", "code": "025860", "contact": "Any Mount", "tel": "-", "fax": "-", "email": "stu6512732111@sskru.acth", "remark": "-", "province": "บุรีรัมย์", "district": "อำเภอชำนิ", "sub_district": "ชำนิ", "address": "-", "zip": "00000", "created_at": "2024-01-17T10:59:39.125Z", "updated_at": "2024-01-17T10:59:39.125Z"}}, {"model": "store.productcategory", "pk": 1, "fields": {"shop": 1, "name": "CPU", "count": 2, "created_at": "2024-01-17T09:49:30.556Z", "updated_at": "2024-01-17T09:49:30.556Z"}}, {"model": "store.productcategory", "pk": 2, "fields": {"shop": 1, "name": "RAM", "count": 1, "created_at": "2024-01-17T09:49:34.341Z", "updated_at": "2024-01-17T09:49:34.341Z"}}, {"model": "store.productcategory", "pk": 3, "fields": {"shop": 2, "name": "Shirt", "count": 4, "created_at": "2024-01-17T10:59:57.506Z", "updated_at": "2024-01-17T10:59:57.506Z"}}, {"model": "store.productcategory", "pk": 4, "fields": {"shop": 2, "name": "Pants", "count": 1, "created_at": "2024-01-17T11:05:10.033Z", "updated_at": "2024-01-17T11:05:10.033Z"}}, {"model": "store.product", "pk": 1, "fields": {"shop": 1, "category": 1, "code": "110001", "name": "CPU AMD AM4 ATHLON 200GE (NEXT)", "desc": "3.2 GHz / Cores 2 / Threads 4 / Radeon Vega 3 Graphics", "unit": 100, "cost": "1090.00", "price": "1420.00", "created_at": "2024-01-17T09:52:06.683Z", "updated_at": "2024-01-17T09:52:06.683Z"}}, {"model": "store.product", "pk": 2, "fields": {"shop": 1, "category": 1, "code": "110002", "name": "CPU AMD AM4 ATHLON 3000G (NEXT)", "desc": "3.5 GHz / Cores 2 / Threads 4 / Radeon Vega 3 Graphics", "unit": 150, "cost": "1590.00", "price": "1820.00", "created_at": "2024-01-17T09:52:06.693Z", "updated_at": "2024-01-17T09:52:06.693Z"}}, {"model": "store.product", "pk": 3, "fields": {"shop": 1, "category": 2, "code": "120001", "name": "RAM DDR4(2666) 8GB KINGSTON FURY BEAST (KF426C16BB/8)", "desc": "DDR4 / Bus 2666 / PC4 21300 / 8GB (8GBX1) / CL16 / Intel / AMD", "unit": 200, "cost": "690.00", "price": "750.00", "created_at": "2024-01-17T09:52:06.696Z", "updated_at": "2024-01-17T09:52:06.696Z"}}, {"model": "store.product", "pk": 4, "fields": {"shop": 2, "category": 3, "code": "230001", "name": "T-shirt, Round Neck, Short Sleeve", "desc": "100% cotton, breathable, comfortable", "unit": 100, "cost": "79.00", "price": "100.00", "created_at": "2024-01-17T11:03:44.952Z", "updated_at": "2024-01-17T11:03:44.952Z"}}, {"model": "store.product", "pk": 5, "fields": {"shop": 2, "category": 3, "code": "230002", "name": "T-shirt, V-Neck, Short Sleeve", "desc": "Cotton-spandex blend, stretchy, fitted", "unit": 125, "cost": "89.00", "price": "100.00", "created_at": "2024-01-17T11:03:44.960Z", "updated_at": "2024-01-17T11:03:44.960Z"}}, {"model": "store.product", "pk": 6, "fields": {"shop": 2, "category": 3, "code": "230003", "name": "T-shirt, Polo Neck, Long Sleeve", "desc": "100% cotton, work or casual", "unit": 50, "cost": "100.00", "price": "199.00", "created_at": "2024-01-17T11:03:44.964Z", "updated_at": "2024-01-17T11:03:44.964Z"}}, {"model": "store.product", "pk": 7, "fields": {"shop": 2, "category": 3, "code": "230004", "name": "Shirt, Long Sleeve", "desc": "100% linen, comfortable, for hot weather", "unit": 100, "cost": "159.00", "price": "250.00", "created_at": "2024-01-17T11:03:44.967Z", "updated_at": "2024-01-17T11:03:44.967Z"}}, {"model": "store.product", "pk": 8, "fields": {"shop": 2, "category": 4, "code": "240001", "name": "Straight Leg Jeans", "desc": "100% cotton, classic fit, comfortable", "unit": 10, "cost": "900.00", "price": "1500.00", "created_at": "2024-01-17T11:06:10.726Z", "updated_at": "2024-01-17T11:06:10.726Z"}}, {"model": "store.inputinvoice", "pk": 1, "fields": {"shop": 1, "invoice_no": "202401170001", "discount": "0.00", "type": 1, "remark": "", "created_at": "2024-01-17T09:52:06.677Z", "updated_at": "2024-01-17T09:52:06.677Z"}}, {"model": "store.inputinvoice", "pk": 2, "fields": {"shop": 1, "invoice_no": "202401170002", "discount": "0.00", "type": 2, "remark": "", "created_at": "2024-01-17T09:52:18.508Z", "updated_at": "2024-01-17T09:52:18.508Z"}}, {"model": "store.inputinvoice", "pk": 3, "fields": {"shop": 2, "invoice_no": "202401170005", "discount": "0.00", "type": 1, "remark": "", "created_at": "2024-01-17T11:03:44.948Z", "updated_at": "2024-01-17T11:03:44.948Z"}}, {"model": "store.inputinvoice", "pk": 4, "fields": {"shop": 2, "invoice_no": "202401170006", "discount": "0.00", "type": 1, "remark": "", "created_at": "2024-01-17T11:06:10.721Z", "updated_at": "2024-01-17T11:06:10.721Z"}}, {"model": "store.inputdata", "pk": 1, "fields": {"invoice": 1, "product": 1, "quantity": 100, "unit_price": "1420.00", "discount": "0.00", "created_at": "2024-01-17T09:52:06.687Z", "updated_at": "2024-01-17T09:52:06.687Z"}}, {"model": "store.inputdata", "pk": 2, "fields": {"invoice": 1, "product": 2, "quantity": 100, "unit_price": "1820.00", "discount": "0.00", "created_at": "2024-01-17T09:52:06.694Z", "updated_at": "2024-01-17T09:52:06.694Z"}}, {"model": "store.inputdata", "pk": 3, "fields": {"invoice": 1, "product": 3, "quantity": 200, "unit_price": "750.00", "discount": "0.00", "created_at": "2024-01-17T09:52:06.697Z", "updated_at": "2024-01-17T09:52:06.697Z"}}, {"model": "store.inputdata", "pk": 4, "fields": {"invoice": 2, "product": 2, "quantity": 50, "unit_price": "1820.00", "discount": "0.00", "created_at": "2024-01-17T09:52:18.510Z", "updated_at": "2024-01-17T09:52:18.510Z"}}, {"model": "store.inputdata", "pk": 5, "fields": {"invoice": 3, "product": 4, "quantity": 100, "unit_price": "100.00", "discount": "0.00", "created_at": "2024-01-17T11:03:44.954Z", "updated_at": "2024-01-17T11:03:44.954Z"}}, {"model": "store.inputdata", "pk": 6, "fields": {"invoice": 3, "product": 5, "quantity": 125, "unit_price": "100.00", "discount": "0.00", "created_at": "2024-01-17T11:03:44.962Z", "updated_at": "2024-01-17T11:03:44.962Z"}}, {"model": "store.inputdata", "pk": 7, "fields": {"invoice": 3, "product": 6, "quantity": 50, "unit_price": "199.00", "discount": "0.00", "created_at": "2024-01-17T11:03:44.964Z", "updated_at": "2024-01-17T11:03:44.964Z"}}, {"model": "store.inputdata", "pk": 8, "fields": {"invoice": 3, "product": 7, "quantity": 100, "unit_price": "250.00", "discount": "0.00", "created_at": "2024-01-17T11:03:44.968Z", "updated_at": "2024-01-17T11:03:44.968Z"}}, {"model": "store.inputdata", "pk": 9, "fields": {"invoice": 4, "product": 8, "quantity": 10, "unit_price": "1500.00", "discount": "0.00", "created_at": "2024-01-17T11:06:10.728Z", "updated_at": "2024-01-17T11:06:10.728Z"}}, {"model": "store.inputinvoicecounter", "pk": 1, "fields": {"on_date": "20240117", "no": 6}}]