[
    {
        "model": "admin.logentry",
        "pk": 27,
        "fields": {
            "action_time": "2024-01-15T09:33:32.244Z",
            "user": 16,
            "content_type": 7,
            "object_id": "7",
            "object_repr": "admin",
            "action_flag": 1,
            "change_message": "[{\"added\": {}}]"
        }
    },
    {
        "model": "admin.logentry",
        "pk": 28,
        "fields": {
            "action_time": "2024-01-15T09:33:43.373Z",
            "user": 16,
            "content_type": 19,
            "object_id": "8",
            "object_repr": "admin",
            "action_flag": 1,
            "change_message": "[{\"added\": {}}]"
        }
    },
    {
        "model": "admin.logentry",
        "pk": 29,
        "fields": {
            "action_time": "2024-01-15T09:36:25.663Z",
            "user": 16,
            "content_type": 10,
            "object_id": "2",
            "object_repr": "Computer",
            "action_flag": 1,
            "change_message": "[{\"added\": {}}]"
        }
    },
    {
        "model": "admin.logentry",
        "pk": 30,
        "fields": {
            "action_time": "2024-01-15T09:36:33.969Z",
            "user": 16,
            "content_type": 10,
            "object_id": "1",
            "object_repr": "A",
            "action_flag": 3,
            "change_message": ""
        }
    },
    {
        "model": "admin.logentry",
        "pk": 31,
        "fields": {
            "action_time": "2024-01-15T09:36:38.260Z",
            "user": 16,
            "content_type": 10,
            "object_id": "2",
            "object_repr": "Computer",
            "action_flag": 3,
            "change_message": ""
        }
    },
    {
        "model": "admin.logentry",
        "pk": 32,
        "fields": {
            "action_time": "2024-01-15T09:37:10.246Z",
            "user": 16,
            "content_type": 10,
            "object_id": "3",
            "object_repr": "ห้าง",
            "action_flag": 1,
            "change_message": "[{\"added\": {}}]"
        }
    },
    {
        "model": "admin.logentry",
        "pk": 33,
        "fields": {
            "action_time": "2024-01-15T09:37:21.536Z",
            "user": 16,
            "content_type": 15,
            "object_id": "1",
            "object_repr": "Coffee Shop",
            "action_flag": 3,
            "change_message": ""
        }
    },
    {
        "model": "admin.logentry",
        "pk": 34,
        "fields": {
            "action_time": "2024-01-15T09:37:24.665Z",
            "user": 16,
            "content_type": 15,
            "object_id": "2",
            "object_repr": "Computers",
            "action_flag": 3,
            "change_message": ""
        }
    },
    {
        "model": "admin.logentry",
        "pk": 35,
        "fields": {
            "action_time": "2024-01-15T09:37:36.925Z",
            "user": 16,
            "content_type": 15,
            "object_id": "3",
            "object_repr": "Computer Shop",
            "action_flag": 1,
            "change_message": "[{\"added\": {}}]"
        }
    },
    {
        "model": "admin.logentry",
        "pk": 36,
        "fields": {
            "action_time": "2024-01-15T09:55:54.757Z",
            "user": 16,
            "content_type": 19,
            "object_id": "10",
            "object_repr": "apisit250aps",
            "action_flag": 3,
            "change_message": ""
        }
    },
    {
        "model": "admin.logentry",
        "pk": 37,
        "fields": {
            "action_time": "2024-01-15T09:55:54.759Z",
            "user": 16,
            "content_type": 19,
            "object_id": "9",
            "object_repr": "apisit250aps",
            "action_flag": 3,
            "change_message": ""
        }
    },
    {
        "model": "admin.logentry",
        "pk": 38,
        "fields": {
            "action_time": "2024-01-16T04:27:05.789Z",
            "user": 16,
            "content_type": 19,
            "object_id": "12",
            "object_repr": "admin",
            "action_flag": 3,
            "change_message": ""
        }
    },
    {
        "model": "admin.logentry",
        "pk": 39,
        "fields": {
            "action_time": "2024-01-16T04:42:11.618Z",
            "user": 16,
            "content_type": 15,
            "object_id": "4",
            "object_repr": "Mobile Shop",
            "action_flag": 1,
            "change_message": "[{\"added\": {}}]"
        }
    },
    {
        "model": "admin.logentry",
        "pk": 40,
        "fields": {
            "action_time": "2024-01-16T04:51:55.345Z",
            "user": 16,
            "content_type": 7,
            "object_id": "7",
            "object_repr": "admin",
            "action_flag": 2,
            "change_message": "[{\"changed\": {\"fields\": [\"Tel\"]}}]"
        }
    },
    {
        "model": "auth.permission",
        "pk": 1,
        "fields": {
            "name": "Can add log entry",
            "content_type": 1,
            "codename": "add_logentry"
        }
    },
    {
        "model": "auth.permission",
        "pk": 2,
        "fields": {
            "name": "Can change log entry",
            "content_type": 1,
            "codename": "change_logentry"
        }
    },
    {
        "model": "auth.permission",
        "pk": 3,
        "fields": {
            "name": "Can delete log entry",
            "content_type": 1,
            "codename": "delete_logentry"
        }
    },
    {
        "model": "auth.permission",
        "pk": 4,
        "fields": {
            "name": "Can view log entry",
            "content_type": 1,
            "codename": "view_logentry"
        }
    },
    {
        "model": "auth.permission",
        "pk": 5,
        "fields": {
            "name": "Can add permission",
            "content_type": 2,
            "codename": "add_permission"
        }
    },
    {
        "model": "auth.permission",
        "pk": 6,
        "fields": {
            "name": "Can change permission",
            "content_type": 2,
            "codename": "change_permission"
        }
    },
    {
        "model": "auth.permission",
        "pk": 7,
        "fields": {
            "name": "Can delete permission",
            "content_type": 2,
            "codename": "delete_permission"
        }
    },
    {
        "model": "auth.permission",
        "pk": 8,
        "fields": {
            "name": "Can view permission",
            "content_type": 2,
            "codename": "view_permission"
        }
    },
    {
        "model": "auth.permission",
        "pk": 9,
        "fields": {
            "name": "Can add group",
            "content_type": 3,
            "codename": "add_group"
        }
    },
    {
        "model": "auth.permission",
        "pk": 10,
        "fields": {
            "name": "Can change group",
            "content_type": 3,
            "codename": "change_group"
        }
    },
    {
        "model": "auth.permission",
        "pk": 11,
        "fields": {
            "name": "Can delete group",
            "content_type": 3,
            "codename": "delete_group"
        }
    },
    {
        "model": "auth.permission",
        "pk": 12,
        "fields": {
            "name": "Can view group",
            "content_type": 3,
            "codename": "view_group"
        }
    },
    {
        "model": "auth.permission",
        "pk": 13,
        "fields": {
            "name": "Can add user",
            "content_type": 4,
            "codename": "add_user"
        }
    },
    {
        "model": "auth.permission",
        "pk": 14,
        "fields": {
            "name": "Can change user",
            "content_type": 4,
            "codename": "change_user"
        }
    },
    {
        "model": "auth.permission",
        "pk": 15,
        "fields": {
            "name": "Can delete user",
            "content_type": 4,
            "codename": "delete_user"
        }
    },
    {
        "model": "auth.permission",
        "pk": 16,
        "fields": {
            "name": "Can view user",
            "content_type": 4,
            "codename": "view_user"
        }
    },
    {
        "model": "auth.permission",
        "pk": 17,
        "fields": {
            "name": "Can add content type",
            "content_type": 5,
            "codename": "add_contenttype"
        }
    },
    {
        "model": "auth.permission",
        "pk": 18,
        "fields": {
            "name": "Can change content type",
            "content_type": 5,
            "codename": "change_contenttype"
        }
    },
    {
        "model": "auth.permission",
        "pk": 19,
        "fields": {
            "name": "Can delete content type",
            "content_type": 5,
            "codename": "delete_contenttype"
        }
    },
    {
        "model": "auth.permission",
        "pk": 20,
        "fields": {
            "name": "Can view content type",
            "content_type": 5,
            "codename": "view_contenttype"
        }
    },
    {
        "model": "auth.permission",
        "pk": 21,
        "fields": {
            "name": "Can add session",
            "content_type": 6,
            "codename": "add_session"
        }
    },
    {
        "model": "auth.permission",
        "pk": 22,
        "fields": {
            "name": "Can change session",
            "content_type": 6,
            "codename": "change_session"
        }
    },
    {
        "model": "auth.permission",
        "pk": 23,
        "fields": {
            "name": "Can delete session",
            "content_type": 6,
            "codename": "delete_session"
        }
    },
    {
        "model": "auth.permission",
        "pk": 24,
        "fields": {
            "name": "Can view session",
            "content_type": 6,
            "codename": "view_session"
        }
    },
    {
        "model": "auth.permission",
        "pk": 25,
        "fields": {
            "name": "Can add customer",
            "content_type": 7,
            "codename": "add_customer"
        }
    },
    {
        "model": "auth.permission",
        "pk": 26,
        "fields": {
            "name": "Can change customer",
            "content_type": 7,
            "codename": "change_customer"
        }
    },
    {
        "model": "auth.permission",
        "pk": 27,
        "fields": {
            "name": "Can delete customer",
            "content_type": 7,
            "codename": "delete_customer"
        }
    },
    {
        "model": "auth.permission",
        "pk": 28,
        "fields": {
            "name": "Can view customer",
            "content_type": 7,
            "codename": "view_customer"
        }
    },
    {
        "model": "auth.permission",
        "pk": 29,
        "fields": {
            "name": "Can add output invoice",
            "content_type": 8,
            "codename": "add_outputinvoice"
        }
    },
    {
        "model": "auth.permission",
        "pk": 30,
        "fields": {
            "name": "Can change output invoice",
            "content_type": 8,
            "codename": "change_outputinvoice"
        }
    },
    {
        "model": "auth.permission",
        "pk": 31,
        "fields": {
            "name": "Can delete output invoice",
            "content_type": 8,
            "codename": "delete_outputinvoice"
        }
    },
    {
        "model": "auth.permission",
        "pk": 32,
        "fields": {
            "name": "Can view output invoice",
            "content_type": 8,
            "codename": "view_outputinvoice"
        }
    },
    {
        "model": "auth.permission",
        "pk": 33,
        "fields": {
            "name": "Can add output data",
            "content_type": 9,
            "codename": "add_outputdata"
        }
    },
    {
        "model": "auth.permission",
        "pk": 34,
        "fields": {
            "name": "Can change output data",
            "content_type": 9,
            "codename": "change_outputdata"
        }
    },
    {
        "model": "auth.permission",
        "pk": 35,
        "fields": {
            "name": "Can delete output data",
            "content_type": 9,
            "codename": "delete_outputdata"
        }
    },
    {
        "model": "auth.permission",
        "pk": 36,
        "fields": {
            "name": "Can view output data",
            "content_type": 9,
            "codename": "view_outputdata"
        }
    },
    {
        "model": "auth.permission",
        "pk": 37,
        "fields": {
            "name": "Can add area",
            "content_type": 10,
            "codename": "add_area"
        }
    },
    {
        "model": "auth.permission",
        "pk": 38,
        "fields": {
            "name": "Can change area",
            "content_type": 10,
            "codename": "change_area"
        }
    },
    {
        "model": "auth.permission",
        "pk": 39,
        "fields": {
            "name": "Can delete area",
            "content_type": 10,
            "codename": "delete_area"
        }
    },
    {
        "model": "auth.permission",
        "pk": 40,
        "fields": {
            "name": "Can view area",
            "content_type": 10,
            "codename": "view_area"
        }
    },
    {
        "model": "auth.permission",
        "pk": 41,
        "fields": {
            "name": "Can add input invoice",
            "content_type": 11,
            "codename": "add_inputinvoice"
        }
    },
    {
        "model": "auth.permission",
        "pk": 42,
        "fields": {
            "name": "Can change input invoice",
            "content_type": 11,
            "codename": "change_inputinvoice"
        }
    },
    {
        "model": "auth.permission",
        "pk": 43,
        "fields": {
            "name": "Can delete input invoice",
            "content_type": 11,
            "codename": "delete_inputinvoice"
        }
    },
    {
        "model": "auth.permission",
        "pk": 44,
        "fields": {
            "name": "Can view input invoice",
            "content_type": 11,
            "codename": "view_inputinvoice"
        }
    },
    {
        "model": "auth.permission",
        "pk": 45,
        "fields": {
            "name": "Can add input invoice counter",
            "content_type": 12,
            "codename": "add_inputinvoicecounter"
        }
    },
    {
        "model": "auth.permission",
        "pk": 46,
        "fields": {
            "name": "Can change input invoice counter",
            "content_type": 12,
            "codename": "change_inputinvoicecounter"
        }
    },
    {
        "model": "auth.permission",
        "pk": 47,
        "fields": {
            "name": "Can delete input invoice counter",
            "content_type": 12,
            "codename": "delete_inputinvoicecounter"
        }
    },
    {
        "model": "auth.permission",
        "pk": 48,
        "fields": {
            "name": "Can view input invoice counter",
            "content_type": 12,
            "codename": "view_inputinvoicecounter"
        }
    },
    {
        "model": "auth.permission",
        "pk": 49,
        "fields": {
            "name": "Can add product",
            "content_type": 13,
            "codename": "add_product"
        }
    },
    {
        "model": "auth.permission",
        "pk": 50,
        "fields": {
            "name": "Can change product",
            "content_type": 13,
            "codename": "change_product"
        }
    },
    {
        "model": "auth.permission",
        "pk": 51,
        "fields": {
            "name": "Can delete product",
            "content_type": 13,
            "codename": "delete_product"
        }
    },
    {
        "model": "auth.permission",
        "pk": 52,
        "fields": {
            "name": "Can view product",
            "content_type": 13,
            "codename": "view_product"
        }
    },
    {
        "model": "auth.permission",
        "pk": 53,
        "fields": {
            "name": "Can add product category",
            "content_type": 14,
            "codename": "add_productcategory"
        }
    },
    {
        "model": "auth.permission",
        "pk": 54,
        "fields": {
            "name": "Can change product category",
            "content_type": 14,
            "codename": "change_productcategory"
        }
    },
    {
        "model": "auth.permission",
        "pk": 55,
        "fields": {
            "name": "Can delete product category",
            "content_type": 14,
            "codename": "delete_productcategory"
        }
    },
    {
        "model": "auth.permission",
        "pk": 56,
        "fields": {
            "name": "Can view product category",
            "content_type": 14,
            "codename": "view_productcategory"
        }
    },
    {
        "model": "auth.permission",
        "pk": 57,
        "fields": {
            "name": "Can add product type",
            "content_type": 15,
            "codename": "add_producttype"
        }
    },
    {
        "model": "auth.permission",
        "pk": 58,
        "fields": {
            "name": "Can change product type",
            "content_type": 15,
            "codename": "change_producttype"
        }
    },
    {
        "model": "auth.permission",
        "pk": 59,
        "fields": {
            "name": "Can delete product type",
            "content_type": 15,
            "codename": "delete_producttype"
        }
    },
    {
        "model": "auth.permission",
        "pk": 60,
        "fields": {
            "name": "Can view product type",
            "content_type": 15,
            "codename": "view_producttype"
        }
    },
    {
        "model": "auth.permission",
        "pk": 61,
        "fields": {
            "name": "Can add input data",
            "content_type": 16,
            "codename": "add_inputdata"
        }
    },
    {
        "model": "auth.permission",
        "pk": 62,
        "fields": {
            "name": "Can change input data",
            "content_type": 16,
            "codename": "change_inputdata"
        }
    },
    {
        "model": "auth.permission",
        "pk": 63,
        "fields": {
            "name": "Can delete input data",
            "content_type": 16,
            "codename": "delete_inputdata"
        }
    },
    {
        "model": "auth.permission",
        "pk": 64,
        "fields": {
            "name": "Can view input data",
            "content_type": 16,
            "codename": "view_inputdata"
        }
    },
    {
        "model": "auth.permission",
        "pk": 65,
        "fields": {
            "name": "Can add product delete",
            "content_type": 17,
            "codename": "add_productdelete"
        }
    },
    {
        "model": "auth.permission",
        "pk": 66,
        "fields": {
            "name": "Can change product delete",
            "content_type": 17,
            "codename": "change_productdelete"
        }
    },
    {
        "model": "auth.permission",
        "pk": 67,
        "fields": {
            "name": "Can delete product delete",
            "content_type": 17,
            "codename": "delete_productdelete"
        }
    },
    {
        "model": "auth.permission",
        "pk": 68,
        "fields": {
            "name": "Can view product delete",
            "content_type": 17,
            "codename": "view_productdelete"
        }
    },
    {
        "model": "auth.permission",
        "pk": 69,
        "fields": {
            "name": "Can add shop",
            "content_type": 18,
            "codename": "add_shop"
        }
    },
    {
        "model": "auth.permission",
        "pk": 70,
        "fields": {
            "name": "Can change shop",
            "content_type": 18,
            "codename": "change_shop"
        }
    },
    {
        "model": "auth.permission",
        "pk": 71,
        "fields": {
            "name": "Can delete shop",
            "content_type": 18,
            "codename": "delete_shop"
        }
    },
    {
        "model": "auth.permission",
        "pk": 72,
        "fields": {
            "name": "Can view shop",
            "content_type": 18,
            "codename": "view_shop"
        }
    },
    {
        "model": "auth.permission",
        "pk": 73,
        "fields": {
            "name": "Can add cart",
            "content_type": 19,
            "codename": "add_cart"
        }
    },
    {
        "model": "auth.permission",
        "pk": 74,
        "fields": {
            "name": "Can change cart",
            "content_type": 19,
            "codename": "change_cart"
        }
    },
    {
        "model": "auth.permission",
        "pk": 75,
        "fields": {
            "name": "Can delete cart",
            "content_type": 19,
            "codename": "delete_cart"
        }
    },
    {
        "model": "auth.permission",
        "pk": 76,
        "fields": {
            "name": "Can view cart",
            "content_type": 19,
            "codename": "view_cart"
        }
    },
    {
        "model": "auth.permission",
        "pk": 77,
        "fields": {
            "name": "Can add cart item",
            "content_type": 20,
            "codename": "add_cartitem"
        }
    },
    {
        "model": "auth.permission",
        "pk": 78,
        "fields": {
            "name": "Can change cart item",
            "content_type": 20,
            "codename": "change_cartitem"
        }
    },
    {
        "model": "auth.permission",
        "pk": 79,
        "fields": {
            "name": "Can delete cart item",
            "content_type": 20,
            "codename": "delete_cartitem"
        }
    },
    {
        "model": "auth.permission",
        "pk": 80,
        "fields": {
            "name": "Can view cart item",
            "content_type": 20,
            "codename": "view_cartitem"
        }
    },
    {
        "model": "auth.permission",
        "pk": 81,
        "fields": {
            "name": "Can add order",
            "content_type": 21,
            "codename": "add_order"
        }
    },
    {
        "model": "auth.permission",
        "pk": 82,
        "fields": {
            "name": "Can change order",
            "content_type": 21,
            "codename": "change_order"
        }
    },
    {
        "model": "auth.permission",
        "pk": 83,
        "fields": {
            "name": "Can delete order",
            "content_type": 21,
            "codename": "delete_order"
        }
    },
    {
        "model": "auth.permission",
        "pk": 84,
        "fields": {
            "name": "Can view order",
            "content_type": 21,
            "codename": "view_order"
        }
    },
    {
        "model": "auth.user",
        "pk": 16,
        "fields": {
            "password": "pbkdf2_sha256$720000$88aV7ppRya4AiCqr16cYQ7$58WOZpl6Zs/lE4b/EMyQcpu4SiiKuGnd/55HI1YIihw=",
            "last_login": "2024-01-16T04:41:47.522Z",
            "is_superuser": true,
            "username": "admin",
            "first_name": "Apisit",
            "last_name": "Saithong",
            "email": "",
            "is_staff": true,
            "is_active": true,
            "date_joined": "2024-01-15T09:29:59.311Z",
            "groups": [],
            "user_permissions": []
        }
    },
    {
        "model": "auth.user",
        "pk": 17,
        "fields": {
            "password": "pbkdf2_sha256$720000$sIe19dmrWwfhYZvZph8Mle$L90kTxNSAmm6G1xPLlqlAQ40pu/65OdlpGyDgQI6XMU=",
            "last_login": "2024-01-16T04:40:50.895Z",
            "is_superuser": false,
            "username": "apisit250aps",
            "first_name": "Apisit",
            "last_name": "Saithong",
            "email": "stu6512732111@sskru.ac.th",
            "is_staff": false,
            "is_active": true,
            "date_joined": "2024-01-15T09:50:21.321Z",
            "groups": [],
            "user_permissions": []
        }
    },
    {
        "model": "contenttypes.contenttype",
        "pk": 1,
        "fields": {
            "app_label": "admin",
            "model": "logentry"
        }
    },
    {
        "model": "contenttypes.contenttype",
        "pk": 2,
        "fields": {
            "app_label": "auth",
            "model": "permission"
        }
    },
    {
        "model": "contenttypes.contenttype",
        "pk": 3,
        "fields": {
            "app_label": "auth",
            "model": "group"
        }
    },
    {
        "model": "contenttypes.contenttype",
        "pk": 4,
        "fields": {
            "app_label": "auth",
            "model": "user"
        }
    },
    {
        "model": "contenttypes.contenttype",
        "pk": 5,
        "fields": {
            "app_label": "contenttypes",
            "model": "contenttype"
        }
    },
    {
        "model": "contenttypes.contenttype",
        "pk": 6,
        "fields": {
            "app_label": "sessions",
            "model": "session"
        }
    },
    {
        "model": "contenttypes.contenttype",
        "pk": 7,
        "fields": {
            "app_label": "customer",
            "model": "customer"
        }
    },
    {
        "model": "contenttypes.contenttype",
        "pk": 8,
        "fields": {
            "app_label": "customer",
            "model": "outputinvoice"
        }
    },
    {
        "model": "contenttypes.contenttype",
        "pk": 9,
        "fields": {
            "app_label": "customer",
            "model": "outputdata"
        }
    },
    {
        "model": "contenttypes.contenttype",
        "pk": 10,
        "fields": {
            "app_label": "store",
            "model": "area"
        }
    },
    {
        "model": "contenttypes.contenttype",
        "pk": 11,
        "fields": {
            "app_label": "store",
            "model": "inputinvoice"
        }
    },
    {
        "model": "contenttypes.contenttype",
        "pk": 12,
        "fields": {
            "app_label": "store",
            "model": "inputinvoicecounter"
        }
    },
    {
        "model": "contenttypes.contenttype",
        "pk": 13,
        "fields": {
            "app_label": "store",
            "model": "product"
        }
    },
    {
        "model": "contenttypes.contenttype",
        "pk": 14,
        "fields": {
            "app_label": "store",
            "model": "productcategory"
        }
    },
    {
        "model": "contenttypes.contenttype",
        "pk": 15,
        "fields": {
            "app_label": "store",
            "model": "producttype"
        }
    },
    {
        "model": "contenttypes.contenttype",
        "pk": 16,
        "fields": {
            "app_label": "store",
            "model": "inputdata"
        }
    },
    {
        "model": "contenttypes.contenttype",
        "pk": 17,
        "fields": {
            "app_label": "store",
            "model": "productdelete"
        }
    },
    {
        "model": "contenttypes.contenttype",
        "pk": 18,
        "fields": {
            "app_label": "store",
            "model": "shop"
        }
    },
    {
        "model": "contenttypes.contenttype",
        "pk": 19,
        "fields": {
            "app_label": "customer",
            "model": "cart"
        }
    },
    {
        "model": "contenttypes.contenttype",
        "pk": 20,
        "fields": {
            "app_label": "customer",
            "model": "cartitem"
        }
    },
    {
        "model": "contenttypes.contenttype",
        "pk": 21,
        "fields": {
            "app_label": "customer",
            "model": "order"
        }
    },
    {
        "model": "sessions.session",
        "pk": "c21q5mgknlwp184z3mefdr0wqs22rflx",
        "fields": {
            "session_data": ".eJxVjDkOwjAUBe_iGlleEvubkp4zRP6LcQA5UpYKcXeIlALaNzPvpYa8rXXYFpmHkdVZ2ahOvyNmekjbCd9zu02aprbOI-pd0Qdd9HVieV4O9--g5qV-a0cciG3H4MQaAebiIyWMyRTo0QcQKB5YQk7YB2dMh2C6aMGjl0Tq_QEcVzgd:1rPJbz:72EDMTPRq9jU7VxOlSPOWxDRNSumldsw6ek2jxH2j64",
            "expire_date": "2024-01-29T09:50:31.011Z"
        }
    },
    {
        "model": "sessions.session",
        "pk": "mrnl2f90miduprdajsoaugzq66tlhwq9",
        "fields": {
            "session_data": ".eJxVjDsOwjAQBe_iGlk2_oqSnjNY6901DiBbipMq4u4QKQW0b2beJhKsS03r4DlNJC5Ce3H6HTPgk9tO6AHt3iX2tsxTlrsiDzrkrRO_rof7d1Bh1G_NkRT7gOSddaQKOmUInaFzhIg52ACsAYyygSMTUTRclNHeh4JWFfH-ACP1OMg:1rPbGl:fyrbCbHacIWYCIos4lY4VC9Cw49SVf9aExBUQI0wtU0",
            "expire_date": "2024-01-30T04:41:47.523Z"
        }
    },
    {
        "model": "sessions.session",
        "pk": "wfytek4bnfmn2us8syoy2322x2mse0vf",
        "fields": {
            "session_data": ".eJxVjDkOwjAUBe_iGlleEvubkp4zRP6LcQA5UpYKcXeIlALaNzPvpYa8rXXYFpmHkdVZ2ahOvyNmekjbCd9zu02aprbOI-pd0Qdd9HVieV4O9--g5qV-a0cciG3H4MQaAebiIyWMyRTo0QcQKB5YQk7YB2dMh2C6aMGjl0Tq_QEcVzgd:1rPbFq:pboBT3YitoXNAp_YVXkMlQ2-frjkWnuGq3K4H7Tjq_I",
            "expire_date": "2024-01-30T04:40:50.896Z"
        }
    },
    {
        "model": "customer.customer",
        "pk": 7,
        "fields": {
            "user": 16,
            "code": "000000",
            "contact": "Apisit Saithong",
            "tel": "0666666666",
            "fax": "-",
            "email": "aps.apisit250@gmail.com",
            "remark": "-",
            "province": "ชุมพร",
            "district": "อำเภอท่าแซะ",
            "sub_district": "หงษ์เจริญ",
            "address": "111/6",
            "zip": "33240",
            "created_at": "2024-01-15T09:33:32.243Z",
            "updated_at": "2024-01-16T04:51:55.344Z"
        }
    },
    {
        "model": "customer.customer",
        "pk": 8,
        "fields": {
            "user": 17,
            "code": "082277",
            "contact": "Apisit Saithong",
            "tel": "0610575203",
            "fax": "-",
            "email": "stu6512732111@gmail.com",
            "remark": "-",
            "province": "กาญจนบุรี",
            "district": "อำเภอบ่อพลอย",
            "sub_district": "หนองรี",
            "address": "-",
            "zip": "33420",
            "created_at": "2024-01-15T09:50:21.868Z",
            "updated_at": "2024-01-15T09:50:21.868Z"
        }
    },
    {
        "model": "customer.cart",
        "pk": 8,
        "fields": {
            "customer": 7
        }
    },
    {
        "model": "customer.cart",
        "pk": 11,
        "fields": {
            "customer": 8
        }
    },
    {
        "model": "customer.outputinvoice",
        "pk": 20,
        "fields": {
            "shop": 11,
            "customer": 8,
            "invoice_no": "202401150011",
            "discount": "0.00",
            "remark": "-",
            "created_at": "2024-01-15T10:08:58.498Z",
            "updated_at": "2024-01-15T10:08:58.498Z"
        }
    },
    {
        "model": "customer.outputinvoice",
        "pk": 21,
        "fields": {
            "shop": 11,
            "customer": 7,
            "invoice_no": "202401160001",
            "discount": "0.00",
            "remark": "-",
            "created_at": "2024-01-16T03:06:57.120Z",
            "updated_at": "2024-01-16T03:06:57.120Z"
        }
    },
    {
        "model": "customer.outputinvoice",
        "pk": 22,
        "fields": {
            "shop": 11,
            "customer": 7,
            "invoice_no": "202401160002",
            "discount": "0.00",
            "remark": "-",
            "created_at": "2024-01-16T04:27:23.594Z",
            "updated_at": "2024-01-16T04:27:23.594Z"
        }
    },
    {
        "model": "customer.outputinvoice",
        "pk": 23,
        "fields": {
            "shop": 12,
            "customer": 7,
            "invoice_no": "202401160005",
            "discount": "0.00",
            "remark": "-",
            "created_at": "2024-01-16T04:50:57.262Z",
            "updated_at": "2024-01-16T04:50:57.262Z"
        }
    },
    {
        "model": "customer.outputdata",
        "pk": 24,
        "fields": {
            "invoice": 20,
            "product": 8,
            "quantity": 2,
            "unit_price": "2600.00",
            "discount": "0.00",
            "created_at": "2024-01-15T10:08:58.498Z",
            "updated_at": "2024-01-15T10:08:58.498Z"
        }
    },
    {
        "model": "customer.outputdata",
        "pk": 25,
        "fields": {
            "invoice": 20,
            "product": 9,
            "quantity": 2,
            "unit_price": "3290.00",
            "discount": "0.00",
            "created_at": "2024-01-15T10:08:58.515Z",
            "updated_at": "2024-01-15T10:08:58.515Z"
        }
    },
    {
        "model": "customer.outputdata",
        "pk": 26,
        "fields": {
            "invoice": 20,
            "product": 7,
            "quantity": 2,
            "unit_price": "1820.00",
            "discount": "0.00",
            "created_at": "2024-01-15T10:08:58.515Z",
            "updated_at": "2024-01-15T10:08:58.515Z"
        }
    },
    {
        "model": "customer.outputdata",
        "pk": 27,
        "fields": {
            "invoice": 21,
            "product": 8,
            "quantity": 1,
            "unit_price": "2600.00",
            "discount": "0.00",
            "created_at": "2024-01-16T03:06:57.131Z",
            "updated_at": "2024-01-16T03:06:57.131Z"
        }
    },
    {
        "model": "customer.outputdata",
        "pk": 28,
        "fields": {
            "invoice": 21,
            "product": 9,
            "quantity": 1,
            "unit_price": "3290.00",
            "discount": "0.00",
            "created_at": "2024-01-16T03:06:57.141Z",
            "updated_at": "2024-01-16T03:06:57.141Z"
        }
    },
    {
        "model": "customer.outputdata",
        "pk": 29,
        "fields": {
            "invoice": 21,
            "product": 7,
            "quantity": 1,
            "unit_price": "1820.00",
            "discount": "0.00",
            "created_at": "2024-01-16T03:06:57.143Z",
            "updated_at": "2024-01-16T03:06:57.143Z"
        }
    },
    {
        "model": "customer.outputdata",
        "pk": 30,
        "fields": {
            "invoice": 22,
            "product": 7,
            "quantity": 4,
            "unit_price": "1820.00",
            "discount": "0.00",
            "created_at": "2024-01-16T04:27:23.598Z",
            "updated_at": "2024-01-16T04:27:23.598Z"
        }
    },
    {
        "model": "customer.outputdata",
        "pk": 31,
        "fields": {
            "invoice": 23,
            "product": 14,
            "quantity": 1,
            "unit_price": "4799.00",
            "discount": "0.00",
            "created_at": "2024-01-16T04:50:57.268Z",
            "updated_at": "2024-01-16T04:50:57.268Z"
        }
    },
    {
        "model": "customer.order",
        "pk": 17,
        "fields": {
            "customer": 8,
            "shop": 11,
            "invoice": 20,
            "status": 1,
            "created_at": "2024-01-15T10:08:58.515Z",
            "updated_at": "2024-01-15T10:08:58.515Z"
        }
    },
    {
        "model": "customer.order",
        "pk": 18,
        "fields": {
            "customer": 7,
            "shop": 11,
            "invoice": 21,
            "status": 1,
            "created_at": "2024-01-16T03:06:57.145Z",
            "updated_at": "2024-01-16T03:06:57.145Z"
        }
    },
    {
        "model": "customer.order",
        "pk": 19,
        "fields": {
            "customer": 7,
            "shop": 11,
            "invoice": 22,
            "status": 1,
            "created_at": "2024-01-16T04:27:23.605Z",
            "updated_at": "2024-01-16T04:27:23.605Z"
        }
    },
    {
        "model": "customer.order",
        "pk": 20,
        "fields": {
            "customer": 7,
            "shop": 12,
            "invoice": 23,
            "status": 1,
            "created_at": "2024-01-16T04:50:57.273Z",
            "updated_at": "2024-01-16T04:50:57.273Z"
        }
    },
    {
        "model": "store.producttype",
        "pk": 3,
        "fields": {
            "name": "Computer Shop",
            "count": 0,
            "created_at": "2024-01-15T09:37:36.924Z",
            "updated_at": "2024-01-15T09:37:36.924Z"
        }
    },
    {
        "model": "store.producttype",
        "pk": 4,
        "fields": {
            "name": "Mobile Shop",
            "count": 0,
            "created_at": "2024-01-16T04:42:11.616Z",
            "updated_at": "2024-01-16T04:42:11.616Z"
        }
    },
    {
        "model": "store.area",
        "pk": 3,
        "fields": {
            "code": "A0",
            "name": "ห้าง",
            "count": 0,
            "created_at": "2024-01-15T09:37:10.245Z",
            "updated_at": "2024-01-15T09:37:10.245Z"
        }
    },
    {
        "model": "store.shop",
        "pk": 11,
        "fields": {
            "user": 16,
            "area": 3,
            "product_type": 3,
            "name": "IHAVERAM",
            "code": "012522",
            "contact": "Apisit Saithong",
            "tel": "0610575203",
            "fax": "-",
            "email": "aps.apisit250@gmail.com",
            "remark": "-",
            "province": "ศรีสะเกษ",
            "district": "อำเภอศรีรัตนะ",
            "sub_district": "เสื่องข้าว",
            "address": "111/6",
            "zip": "33240",
            "created_at": "2024-01-15T09:38:42.259Z",
            "updated_at": "2024-01-15T09:38:42.259Z"
        }
    },
    {
        "model": "store.shop",
        "pk": 12,
        "fields": {
            "user": 17,
            "area": 3,
            "product_type": 4,
            "name": "Apisit Mobile",
            "code": "002278",
            "contact": "Apisit Saithong",
            "tel": "0687594123",
            "fax": "-",
            "email": "aps.apisit250@gmail.com",
            "remark": "-",
            "province": "ศรีสะเกษ",
            "district": "อำเภอศรีรัตนะ",
            "sub_district": "เสื่องข้าว",
            "address": "-",
            "zip": "33240",
            "created_at": "2024-01-16T04:43:11.333Z",
            "updated_at": "2024-01-16T04:43:11.333Z"
        }
    },
    {
        "model": "store.productcategory",
        "pk": 6,
        "fields": {
            "shop": 11,
            "name": "CPU",
            "count": 4,
            "created_at": "2024-01-15T09:38:54.072Z",
            "updated_at": "2024-01-15T09:38:54.072Z"
        }
    },
    {
        "model": "store.productcategory",
        "pk": 7,
        "fields": {
            "shop": 11,
            "name": "RAM",
            "count": 0,
            "created_at": "2024-01-15T09:38:57.801Z",
            "updated_at": "2024-01-15T09:38:57.801Z"
        }
    },
    {
        "model": "store.productcategory",
        "pk": 8,
        "fields": {
            "shop": 11,
            "name": "GPU",
            "count": 0,
            "created_at": "2024-01-15T09:39:03.750Z",
            "updated_at": "2024-01-15T09:39:03.750Z"
        }
    },
    {
        "model": "store.productcategory",
        "pk": 9,
        "fields": {
            "shop": 11,
            "name": "SSD",
            "count": 1,
            "created_at": "2024-01-16T04:28:44.155Z",
            "updated_at": "2024-01-16T04:28:44.155Z"
        }
    },
    {
        "model": "store.productcategory",
        "pk": 10,
        "fields": {
            "shop": 11,
            "name": "VGA",
            "count": 2,
            "created_at": "2024-01-16T04:29:05.996Z",
            "updated_at": "2024-01-16T04:29:05.996Z"
        }
    },
    {
        "model": "store.productcategory",
        "pk": 11,
        "fields": {
            "shop": 12,
            "name": "Phone",
            "count": 3,
            "created_at": "2024-01-16T04:43:41.148Z",
            "updated_at": "2024-01-16T04:43:41.148Z"
        }
    },
    {
        "model": "store.productcategory",
        "pk": 12,
        "fields": {
            "shop": 12,
            "name": "Watch",
            "count": 1,
            "created_at": "2024-01-16T04:52:43.104Z",
            "updated_at": "2024-01-16T04:52:43.104Z"
        }
    },
    {
        "model": "store.product",
        "pk": 7,
        "fields": {
            "shop": 11,
            "category": 6,
            "code": "1160001",
            "name": "CPU AMD AM4 ATHLON 3000G (NEXT)",
            "desc": "3.5 GHz / Cores 2 / Threads 4 / Radeon Vega 3 Graphics",
            "unit": 500,
            "cost": "1799.00",
            "price": "1820.00",
            "created_at": "2024-01-15T09:41:56.663Z",
            "updated_at": "2024-01-15T09:41:56.663Z"
        }
    },
    {
        "model": "store.product",
        "pk": 8,
        "fields": {
            "shop": 11,
            "category": 6,
            "code": "1160002",
            "name": "CPU AMD AM4 RYZEN 3 3200G",
            "desc": "3.6 GHz / Cores 4 / Threads 4 / Radeon Vega 8 Graphics",
            "unit": 300,
            "cost": "1999.00",
            "price": "2600.00",
            "created_at": "2024-01-15T09:41:56.680Z",
            "updated_at": "2024-01-15T09:41:56.680Z"
        }
    },
    {
        "model": "store.product",
        "pk": 9,
        "fields": {
            "shop": 11,
            "category": 6,
            "code": "1160003",
            "name": "CPU AMD AM4 RYZEN 3 4100",
            "desc": "3.7 GHz / Cores 6 / Threads 12 / Radeon Graphics",
            "unit": 100,
            "cost": "2990.00",
            "price": "3290.00",
            "created_at": "2024-01-15T09:41:56.680Z",
            "updated_at": "2024-01-15T09:41:56.680Z"
        }
    },
    {
        "model": "store.product",
        "pk": 10,
        "fields": {
            "shop": 11,
            "category": 10,
            "code": "11100001",
            "name": "GIGABYTE RTX4060/8GB WINDFORCE (OC/D6)",
            "desc": "Brand GIGABYTE\n\nModel GeForce RTX™ 4060 WINDFORCE\n\nGPU NVIDIA GeForce RTX 4060 \n\nCUDA Core / Stream Processors 3072\n\nCore Clock 2475 MHz\n\nMemory Clock 17 Gbps\n\nMemory Size 8 GB\n\nMemory Type GDDR6\n\nMemory Interface 128 bit\n\nBus Interface PCI-E 4.0\n\nHDMI 1 x HDMI\n\nDisplayPort 3 x DisplayPort 1.4a\n\nDVI None\n\nD-Sub (VGA) None\n\nMini HDMI None\n\nMini DisplayPort None\n\nUSB None\n\nMicrosoft DirectX Support 12 Ultimate\n\nOpenGL 4.6\n\nMaximum Resolution 7680x4320@60Hz\n\nPower Input 8 pin*1\n\nPower Supply Requirement 450W\n\nWindows Support 10/11\n\nVGA Length 192 mm\n\nDimension (W x D x H) : 19.20 x 12.00 x 4.10 cm\n\nNet Weight 0.00 KG\n\nประกัน 3 ปี",
            "unit": 50,
            "cost": "9890.00",
            "price": "10910.00",
            "created_at": "2024-01-16T04:34:04.963Z",
            "updated_at": "2024-01-16T04:34:04.963Z"
        }
    },
    {
        "model": "store.product",
        "pk": 11,
        "fields": {
            "shop": 11,
            "category": 9,
            "code": "1190001",
            "name": "APACER 1 TB SSD M.2 PCIe AS2280P4U (AP1TBAS2280P4U-1) NVMe",
            "desc": "รายละเอียดสินค้า 1 TB SSD M.2 PCIe APACER AS2280P4U (AP1TBAS2280P4U-1) NVMe\n\n\n\nคุณสมบัติ 1 TB SSD M.2 PCIe APACER AS2280P4U (AP1TBAS2280P4U-1) NVMe\n\n\n\nBrandApacerModelAS2280P4 (AP1TBAS2280P4-1)\n\nCapacity1 TB\n\nStorage TypeNVMe\n\nInterfacePCIe Gen 3 x4, NVMe 1.3\n\nPCIe VersionPCIe3\n\nSequential ReadUp to 3,000 MB/s\n\nSequential WriteUp to 2,000 MB/s\n\nForm FactorM.2 2280\n\nDimension(W x D x H) : 2.20 x 8.00 x 0.23 cm\n\nNet Weight0.01 KG\n\nPackage Dimension(W x D x H) : 4.00 x 16.20 x 1.20 cm\n\nGross Weight0.02 KG\n\nVolume77.76 cm3\n\n",
            "unit": 100,
            "cost": "1990.00",
            "price": "2130.00",
            "created_at": "2024-01-16T04:34:04.972Z",
            "updated_at": "2024-01-16T04:34:04.972Z"
        }
    },
    {
        "model": "store.product",
        "pk": 12,
        "fields": {
            "shop": 11,
            "category": 6,
            "code": "1160004",
            "name": "CPU INTEL CORE I5-14500 LGA 1700",
            "desc": "Brand : Intel\n\n\n\nModel : I5-14500\n\n\n\nSocket : 1700\n\n\n\n# of Cores : 14\n\n\n\n# of Threads : 20\n\n\n\nFrequency : 2.6 GHz\n\n\n\nTurbo Frequency : 5.0 GHz\n\n\n\nCache : 24 MB\n\n\n\nIntegrated Graphics : Intel UHD Graphics 770\n\n\n\nCPU Cooler : Yes\n\n\n\nDimension (W x D x H) : 0.00 x 0.00 x 0.00 cm\n\n\n\nNet Weight : 0.00\n\n\n\nPackage Dimension (W x D x H) : 0.00 x 0.00 x 0.00 cm\n\n\n\nGross Weight : 0.00\n\n\n\nVolume : 0.00\n\n\n\nประกัน : 3 ปี",
            "unit": 100,
            "cost": "9890.00",
            "price": "10150.00",
            "created_at": "2024-01-16T04:34:04.976Z",
            "updated_at": "2024-01-16T04:34:04.976Z"
        }
    },
    {
        "model": "store.product",
        "pk": 13,
        "fields": {
            "shop": 11,
            "category": 10,
            "code": "11100002",
            "name": "GIGABYTE VGA GEFORCE RTX 4060 GAMING OC - 8GB GDDR6",
            "desc": "Brand GIGABYTE\n\nModel GeForce RTX™ 4060 GAMING\n\nGPU NVIDIA GeForce RTX 4060\n\nCUDA Core / Stream Processors 3072\n\nMemory Clock 17 Gbps\n\nMemory Size 8 GB\n\nMemory Type GDDR6\n\nMemory Interface 128 bit\n\nBus Interface PCI-E 4.0\n\nHDMI 1 x HDMI\n\nDisplayPort 3 x DisplayPort 1.4a\n\nDVI None\n\nD-Sub (VGA) None\n\nMini HDMI None\n\nMini DisplayPort None\n\nUSB None\n\nMicrosoft DirectX Support 12 Ultimate\n\nOpenGL 4.6\n\nMaximum Resolution 7680x4320@60Hz\n\nPower Input 8 Pin*1\n\nPower Supply Requirement 450W\n\nWindows Support 10/11\n\nVGA Length 281 mm\n\nDimension (W x D x H) : 28.10 x 11.40 x 4.00 cm\n\nNet Weight 0.00 KG\n\n\n\nประกัน 3 ปี",
            "unit": 100,
            "cost": "9990.00",
            "price": "12140.00",
            "created_at": "2024-01-16T04:34:04.980Z",
            "updated_at": "2024-01-16T04:34:04.980Z"
        }
    },
    {
        "model": "store.product",
        "pk": 14,
        "fields": {
            "shop": 12,
            "category": 11,
            "code": "12110001",
            "name": "POCO M5S 8GB+256GB รับประกัน 15 เดือน",
            "desc": "",
            "unit": 100,
            "cost": "3990.00",
            "price": "4799.00",
            "created_at": "2024-01-16T04:46:11.632Z",
            "updated_at": "2024-01-16T04:46:11.632Z"
        }
    },
    {
        "model": "store.product",
        "pk": 15,
        "fields": {
            "shop": 12,
            "category": 11,
            "code": "12110002",
            "name": "POCO C40 4GB+64GB รับประกัน 15 เดือน",
            "desc": "",
            "unit": 100,
            "cost": "3990.00",
            "price": "4490.00",
            "created_at": "2024-01-16T04:46:11.639Z",
            "updated_at": "2024-01-16T04:46:11.639Z"
        }
    },
    {
        "model": "store.product",
        "pk": 16,
        "fields": {
            "shop": 12,
            "category": 11,
            "code": "12110003",
            "name": "POCO F5 12GB+256GB รับประกัน 15 เดือน",
            "desc": "",
            "unit": 20,
            "cost": "12990.00",
            "price": "14990.00",
            "created_at": "2024-01-16T04:46:11.642Z",
            "updated_at": "2024-01-16T04:46:11.642Z"
        }
    },
    {
        "model": "store.product",
        "pk": 17,
        "fields": {
            "shop": 12,
            "category": 12,
            "code": "12120001",
            "name": "Xiaomi Smart Band 7 รับประกัน 1 ปี",
            "desc": "*ผลิตภัณฑ์นี้และคุณสมบัติของผลิตภัณฑ์ไม่ได้รับการออกแบบมาให้เป็นอุปกรณ์ทางการแพทย์และไม่ได้มีจุดประสงค์ให้ใช้ในการทำนาย วินิจฉัย ป้องกัน หรือรักษาโรคใดๆ",
            "unit": 100,
            "cost": "690.00",
            "price": "790.00",
            "created_at": "2024-01-16T04:53:27.550Z",
            "updated_at": "2024-01-16T04:53:27.550Z"
        }
    },
    {
        "model": "store.inputinvoice",
        "pk": 8,
        "fields": {
            "shop": 11,
            "invoice_no": "202401150008",
            "discount": "0.00",
            "type": 1,
            "remark": "",
            "created_at": "2024-01-15T09:41:56.663Z",
            "updated_at": "2024-01-15T09:41:56.663Z"
        }
    },
    {
        "model": "store.inputinvoice",
        "pk": 9,
        "fields": {
            "shop": 11,
            "invoice_no": "202401150010",
            "discount": "0.00",
            "type": 2,
            "remark": "",
            "created_at": "2024-01-15T09:48:45.154Z",
            "updated_at": "2024-01-15T09:48:45.154Z"
        }
    },
    {
        "model": "store.inputinvoice",
        "pk": 10,
        "fields": {
            "shop": 11,
            "invoice_no": "202401160003",
            "discount": "0.00",
            "type": 1,
            "remark": "",
            "created_at": "2024-01-16T04:34:04.955Z",
            "updated_at": "2024-01-16T04:34:04.955Z"
        }
    },
    {
        "model": "store.inputinvoice",
        "pk": 11,
        "fields": {
            "shop": 12,
            "invoice_no": "202401160004",
            "discount": "0.00",
            "type": 1,
            "remark": "",
            "created_at": "2024-01-16T04:46:11.626Z",
            "updated_at": "2024-01-16T04:46:11.626Z"
        }
    },
    {
        "model": "store.inputinvoice",
        "pk": 12,
        "fields": {
            "shop": 12,
            "invoice_no": "202401160006",
            "discount": "0.00",
            "type": 1,
            "remark": "",
            "created_at": "2024-01-16T04:53:27.544Z",
            "updated_at": "2024-01-16T04:53:27.544Z"
        }
    },
    {
        "model": "store.inputdata",
        "pk": 7,
        "fields": {
            "invoice": 8,
            "product": 7,
            "quantity": 500,
            "unit_price": "1820.00",
            "discount": "0.00",
            "created_at": "2024-01-15T09:41:56.663Z",
            "updated_at": "2024-01-15T09:41:56.663Z"
        }
    },
    {
        "model": "store.inputdata",
        "pk": 8,
        "fields": {
            "invoice": 8,
            "product": 8,
            "quantity": 200,
            "unit_price": "2600.00",
            "discount": "0.00",
            "created_at": "2024-01-15T09:41:56.680Z",
            "updated_at": "2024-01-15T09:41:56.680Z"
        }
    },
    {
        "model": "store.inputdata",
        "pk": 9,
        "fields": {
            "invoice": 8,
            "product": 9,
            "quantity": 100,
            "unit_price": "3290.00",
            "discount": "0.00",
            "created_at": "2024-01-15T09:41:56.680Z",
            "updated_at": "2024-01-15T09:41:56.680Z"
        }
    },
    {
        "model": "store.inputdata",
        "pk": 10,
        "fields": {
            "invoice": 9,
            "product": 8,
            "quantity": 50,
            "unit_price": "2600.00",
            "discount": "0.00",
            "created_at": "2024-01-15T09:48:45.154Z",
            "updated_at": "2024-01-15T09:48:45.154Z"
        }
    },
    {
        "model": "store.inputdata",
        "pk": 11,
        "fields": {
            "invoice": 10,
            "product": 10,
            "quantity": 50,
            "unit_price": "10910.00",
            "discount": "0.00",
            "created_at": "2024-01-16T04:34:04.967Z",
            "updated_at": "2024-01-16T04:34:04.967Z"
        }
    },
    {
        "model": "store.inputdata",
        "pk": 12,
        "fields": {
            "invoice": 10,
            "product": 11,
            "quantity": 100,
            "unit_price": "2130.00",
            "discount": "0.00",
            "created_at": "2024-01-16T04:34:04.973Z",
            "updated_at": "2024-01-16T04:34:04.973Z"
        }
    },
    {
        "model": "store.inputdata",
        "pk": 13,
        "fields": {
            "invoice": 10,
            "product": 12,
            "quantity": 100,
            "unit_price": "10150.00",
            "discount": "0.00",
            "created_at": "2024-01-16T04:34:04.976Z",
            "updated_at": "2024-01-16T04:34:04.976Z"
        }
    },
    {
        "model": "store.inputdata",
        "pk": 14,
        "fields": {
            "invoice": 10,
            "product": 13,
            "quantity": 100,
            "unit_price": "12140.00",
            "discount": "0.00",
            "created_at": "2024-01-16T04:34:04.981Z",
            "updated_at": "2024-01-16T04:34:04.981Z"
        }
    },
    {
        "model": "store.inputdata",
        "pk": 15,
        "fields": {
            "invoice": 11,
            "product": 14,
            "quantity": 100,
            "unit_price": "4799.00",
            "discount": "0.00",
            "created_at": "2024-01-16T04:46:11.634Z",
            "updated_at": "2024-01-16T04:46:11.634Z"
        }
    },
    {
        "model": "store.inputdata",
        "pk": 16,
        "fields": {
            "invoice": 11,
            "product": 15,
            "quantity": 100,
            "unit_price": "4490.00",
            "discount": "0.00",
            "created_at": "2024-01-16T04:46:11.640Z",
            "updated_at": "2024-01-16T04:46:11.640Z"
        }
    },
    {
        "model": "store.inputdata",
        "pk": 17,
        "fields": {
            "invoice": 11,
            "product": 16,
            "quantity": 20,
            "unit_price": "14990.00",
            "discount": "0.00",
            "created_at": "2024-01-16T04:46:11.643Z",
            "updated_at": "2024-01-16T04:46:11.643Z"
        }
    },
    {
        "model": "store.inputdata",
        "pk": 18,
        "fields": {
            "invoice": 12,
            "product": 17,
            "quantity": 100,
            "unit_price": "790.00",
            "discount": "0.00",
            "created_at": "2024-01-16T04:53:27.552Z",
            "updated_at": "2024-01-16T04:53:27.552Z"
        }
    },
    {
        "model": "store.inputinvoicecounter",
        "pk": 1,
        "fields": {
            "on_date": "20240114",
            "no": 25
        }
    },
    {
        "model": "store.inputinvoicecounter",
        "pk": 2,
        "fields": {
            "on_date": "20240115",
            "no": 11
        }
    },
    {
        "model": "store.inputinvoicecounter",
        "pk": 3,
        "fields": {
            "on_date": "20240116",
            "no": 6
        }
    }
]